Path,XMin,YMin,XMax,YMax,ImageID,Url
1.png,0.045082,0.275,0.995902,0.996875,58063ffdaac3add0,https://farm1.staticflickr.com/3302/3307061082_92c971864f_o.jpg
2.png,0.318125,0.138837,0.445625,0.879925,ab2d388b5a949105,https://farm6.staticflickr.com/3512/3794730158_c9f3f60b6a_o.jpg
3.png,0.554375,0.107339,0.84625,0.978899,469d5e9ed884df7a,https://c3.staticflickr.com/9/8536/8607981663_dd78014bfa_o.jpg
4.png,0.313125,0.024345,0.999375,0.999064,01f953005f1fd418,https://c1.staticflickr.com/8/7162/6835053027_180ef0b614_o.jpg
5.png,0.86125,0.311445,0.99,0.441839,f8d7cff117b8df2e,https://c7.staticflickr.com/5/4087/4964750423_ec9596ce86_o.jpg
6.png,0.011875,0.396336,0.1,0.92864,11db07e31e9eedf3,https://farm4.staticflickr.com/8169/7934124042_20456b4c67_o.jpg
7.png,0.821875,0.483333,0.935938,0.791667,003d26a524e34751,https://farm2.staticflickr.com/5189/5649168659_89cc27b497_o.jpg
8.png,0.064062,0.072685,0.25625,0.63306,bd5b6b33f9e0bdf3,https://farm4.staticflickr.com/406/18897566833_5ba5f79f7e_o.jpg
9.png,0.359596,0.172297,0.642424,0.712838,020c9a8c18d772ea,https://c3.staticflickr.com/4/3355/3657004512_6788f04ca2_o.jpg
10.png,0.007042,0.4625,0.255282,0.75,16d2aea94955d27d,https://c6.staticflickr.com/3/2885/10965549476_ca77b47b02_o.jpg
11.png,0.17125,0.191667,0.3325,0.811667,02f3046b615fe22e,https://c7.staticflickr.com/5/4010/4498731969_c210d57665_o.jpg
12.png,0.8575,0.342081,0.9775,0.829428,40cccb612a875321,https://farm2.staticflickr.com/3609/3565437804_dc6a6e0066_o.jpg
13.png,0.14111,0.424812,0.251176,0.489975,00335202286b84f0,https://farm1.staticflickr.com/3612/3503741835_d78269168e_o.jpg
14.png,0.032692,0.0,0.924038,0.477692,2c42d10008cc46e0,https://farm1.staticflickr.com/1314/886196124_88fbc7d2a9_o.jpg
15.png,0.57375,0.195833,0.791875,0.999167,00a1fff876518970,https://farm1.staticflickr.com/5133/5397928760_18251c0f88_o.jpg
16.png,0.24375,0.212963,0.309375,0.496528,d86b610c498db42f,https://c8.staticflickr.com/8/7294/9691622666_fa17805d35_o.jpg
18.png,0.034591,0.037471,1.0,0.932084,0059805ec3328f1a,https://c3.staticflickr.com/8/7404/14008340797_fa3466cbed_o.jpg
20.png,0.029885,0.046154,0.23908,0.603077,1acc70cd750f4349,https://c2.staticflickr.com/5/4141/4809523851_04cd883b62_o.jpg
21.png,0.0,0.0,0.998366,0.998366,0082aa3c8046105c,https://c5.staticflickr.com/8/7140/8165218727_96fe25a889_o.jpg
22.png,0.1125,0.083333,0.954375,0.945833,0d90c350edb83225,https://farm6.staticflickr.com/5642/21330048541_148114c70a_o.jpg
23.png,0.395312,0.214062,0.932813,0.696875,299ce70910528bc4,https://farm5.staticflickr.com/3820/13934549753_ce214b5afe_o.jpg
24.png,0.6325,0.519141,0.906875,0.978525,0b51694b97b286bc,https://c5.staticflickr.com/9/8001/7367017944_7ece9b11bf_o.jpg
25.png,0.360225,0.224317,0.698562,0.997399,01960b0c8ed3e376,https://farm7.staticflickr.com/7438/16365887889_6d6cbbab1e_o.jpg
26.png,0.70125,0.083975,0.8125,0.348228,12eaa3537a3ca92e,https://c7.staticflickr.com/4/3224/2652015514_6536c89f86_o.jpg
27.png,0.0,0.175,0.710625,0.999167,11067cee2b0006da,https://c3.staticflickr.com/6/5247/5226802031_abda07037a_o.jpg
28.png,0.828125,0.470919,0.958125,0.983114,0630af2c59efee68,https://c1.staticflickr.com/8/7311/9691633074_fdfebfc2b1_o.jpg
30.png,0.162289,0.59375,0.473734,0.73125,001a0311c58d247f,https://c8.staticflickr.com/8/7181/6846546652_6423c6f06f_o.jpg
32.png,0.235938,0.08125,0.882812,0.926562,976ceb7906559e26,https://farm7.staticflickr.com/3740/11519030834_2d46b7eeb5_o.jpg
33.png,0.0,0.025,0.885938,0.959375,0033bd289dcf6d23,https://farm4.staticflickr.com/8894/18468143610_51f447c16d_o.jpg
34.png,0.014062,0.335417,0.1625,0.522917,000ff82d384790b0,https://farm1.staticflickr.com/7311/10801769504_e69cea4326_o.jpg
35.png,0.190969,0.369186,0.285042,0.484012,0014a127103f083d,https://c6.staticflickr.com/6/5344/9600866682_651c8c3ddf_o.jpg
36.png,0.0,0.421875,0.153125,0.873438,05d779652a979e34,https://farm5.staticflickr.com/3921/15106403656_6167710e8d_o.jpg
37.png,0.0,0.0,0.999375,0.999062,388e2803a48eb078,https://c1.staticflickr.com/6/5042/5311733126_c1a6b3c7d3_o.jpg
38.png,0.904375,0.375235,0.991875,0.888368,05f941542e70cfc4,https://farm5.staticflickr.com/8181/7901467776_372894c3ee_o.jpg
39.png,0.765,0.430582,0.959375,0.919325,3e169ffb2027122c,https://c5.staticflickr.com/1/33/96473285_c1bf33058b_o.jpg
40.png,0.0,0.636875,0.60076,0.945,c1cc0ecd635ab46f,https://c8.staticflickr.com/9/8724/16835453330_fdb657dd85_o.jpg
41.png,0.024908,0.2275,0.151292,0.41125,17466e16d0e26bfb,https://c4.staticflickr.com/7/6174/6221222104_50029c7bf7_o.jpg
42.png,0.21875,0.302083,0.847917,0.51875,005caff546f21584,https://farm5.staticflickr.com/8592/15697082020_15cb43dec6_o.jpg
43.png,0.534,0.288288,0.886,0.954955,2145be4316f293a6,https://farm7.staticflickr.com/3048/2594076866_7dba7048b6_o.jpg
44.png,0.108929,0.279503,0.323214,0.73913,235935303473d509,https://c2.staticflickr.com/4/3397/3673208066_191edbcdf7_o.jpg
46.png,0.311429,0.396875,0.688571,0.9,01529188139d0b75,https://farm6.staticflickr.com/3743/9718656756_9dd1bc32f2_o.jpg
47.png,0.029412,0.410131,0.416667,0.96732,216748ecc0517f51,https://farm2.staticflickr.com/6029/6015020578_be9763b487_o.jpg
48.png,0.0,0.280751,0.084428,0.917371,1efd1996b5c03469,https://c2.staticflickr.com/7/6155/6255604408_b2846e5180_o.jpg
49.png,0.175,0.393495,0.55,0.78699,0011b8a903fd0a62,https://farm3.staticflickr.com/7644/16807222859_750a96a9b9_o.jpg
50.png,0.254687,0.073437,0.745313,0.253125,000b825dea3016eb,https://c4.staticflickr.com/6/5466/14118092393_6f8272f788_o.jpg
51.png,0.162712,0.100946,0.545763,0.359621,4da6e8b3d49645b9,https://c2.staticflickr.com/1/134/366224439_a737317363_o.jpg
52.png,0.0,0.592063,0.106852,0.677778,0057a7bfc4dc8dfd,https://c6.staticflickr.com/9/8012/7361377584_35fe281b0e_o.jpg
53.png,0.468105,0.830625,0.610694,1.0,d85756691b3df7c8,https://c1.staticflickr.com/4/3460/3916790242_ef70dd2709_o.jpg
54.png,0.42125,0.335833,0.84,0.755,14291c7ee17ac6b5,https://farm6.staticflickr.com/6141/5943715195_93cc2960d5_o.jpg
55.png,0.003735,0.0,0.999066,0.999375,00286e5e1663aba9,https://c2.staticflickr.com/5/4096/4912930066_60ef0c7fd8_o.jpg
56.png,0.64125,0.509381,0.80375,0.968105,7f4ee1c90fe44059,https://c2.staticflickr.com/4/3892/14688953011_dcdef47fc0_o.jpg
57.png,0.002817,0.0,0.998592,0.994253,03518005ce50b03d,https://c6.staticflickr.com/9/8785/17206758341_f19738b634_o.jpg
58.png,0.523985,0.031746,0.881919,0.320106,14101b5bf0b1d7e9,https://c2.staticflickr.com/4/3569/3816783809_ac4e530b29_o.jpg
59.png,0.310458,0.74183,0.545752,0.978758,017c18b10247ec52,https://farm3.staticflickr.com/5141/5552987277_25dc299a3d_o.jpg
60.png,0.244375,0.696545,0.36875,0.999066,0061feb402198de5,https://farm6.staticflickr.com/2407/2510125809_7e61be41f8_o.jpg
61.png,0.175,0.318333,0.225625,0.375833,00f0e8412ac8a487,https://farm8.staticflickr.com/1041/623155451_29f2bfa87e_o.jpg
62.png,0.075625,0.719661,0.0925,0.745061,00308134deeda575,https://farm6.staticflickr.com/4009/4350955130_ff511e94ea_o.jpg
63.png,0.6025,0.638333,0.664375,0.785833,03d54bb83f514ee1,https://farm2.staticflickr.com/1182/4605012891_51d014943f_o.jpg
64.png,0.528571,0.47191,0.873469,0.94382,4f684613a5096cf7,https://farm8.staticflickr.com/3607/3325400366_0731af4dd7_o.jpg
66.png,0.0,0.0,0.998333,0.998333,0069f56c0a0c1709,https://c2.staticflickr.com/9/8723/16817509915_61aebfa378_o.jpg
67.png,0.266875,0.35786,0.51875,0.984392,02262de88ada95d2,https://farm3.staticflickr.com/5008/5225370485_bea4658ef1_o.jpg
68.png,0.0,0.454248,0.712418,0.95915,002ce32086fb7258,https://c1.staticflickr.com/9/8427/7739645572_33e8b4e183_o.jpg
69.png,0.29918,0.505017,0.459016,0.869565,17d7e1acd2dcfe2d,https://c6.staticflickr.com/3/2109/2259310879_a8e9488c34_o.jpg
70.png,0.286765,0.431373,0.414216,0.924837,0e7632ebb974875c,https://c5.staticflickr.com/9/8431/7820572360_e937d0feb2_o.jpg
71.png,0.521505,0.3,0.599462,0.747619,1acc18354966e0c8,https://c1.staticflickr.com/3/2541/4149507876_7a59ca36d5_o.jpg
72.png,0.25,0.529167,0.3125,0.808333,0c949e44c628e0d3,https://farm4.staticflickr.com/3213/3288240747_7230ddace8_o.jpg
75.png,0.1425,0.392936,0.3225,0.998896,01f625ae0bd9641c,https://c5.staticflickr.com/4/3550/3364162054_5aa34a5475_o.jpg
76.png,0.20625,0.50625,0.234375,0.535417,00ed7f573963baea,https://c3.staticflickr.com/4/3333/3243160019_2c7f6cf155_o.jpg
77.png,0.41625,0.453096,0.544375,0.999062,0a1fd818fb786c34,https://farm5.staticflickr.com/8030/7934591148_3e0ba99313_o.jpg
78.png,0.0,0.026266,0.963125,0.999062,0f8a5cb935282357,https://farm8.staticflickr.com/1028/1163118680_fa15327bc1_o.jpg
79.png,0.287054,0.0,0.948405,0.875625,7576a708d241c078,https://c1.staticflickr.com/4/3823/13130475105_38cd3be780_o.jpg
81.png,0.073125,0.458465,0.94875,0.928345,20cefee73fed0bee,https://c7.staticflickr.com/3/2911/14017612069_a50f4fec10_o.jpg
82.png,0.0,0.0,0.84875,0.999062,0024101aa00840a0,https://farm1.staticflickr.com/41/83000574_57e6627e57_o.jpg
83.png,0.1025,0.583333,0.239375,0.85,000dcc7eb0e789ac,https://c5.staticflickr.com/8/7367/16316120490_4b6d2cbcb9_o.jpg
84.png,0.436314,0.02,0.95935,0.999375,00329c155dd035cb,https://c4.staticflickr.com/8/7518/15377372314_da3b8277f6_o.jpg
85.png,0.0,0.306754,0.04125,0.78424,08d86bc882c1f1c5,https://farm6.staticflickr.com/5614/15787983615_ae75e47a6f_o.jpg
86.png,0.187702,0.59,0.358414,0.80625,62ae4aba480d0b95,https://farm6.staticflickr.com/5556/15108103867_938ce944de_o.jpg
88.png,0.0,0.239212,0.999375,0.541276,1d79b03b5878d2c3,https://farm4.staticflickr.com/6128/6190180886_c0c4d2643a_o.jpg
89.png,0.27375,0.113333,0.41125,0.858333,52171bbee60ffd7c,https://c5.staticflickr.com/5/4075/4940400035_f8a5085ba9_o.jpg
90.png,0.054375,0.060429,0.48,0.501624,048e6f8bd215e50c,https://c5.staticflickr.com/3/2763/4482659800_d29d2427eb_o.jpg
91.png,0.132812,0.277083,0.735937,0.875,0a5f4b6d7071f648,https://c1.staticflickr.com/6/5459/7405910578_436c04f414_o.jpg
92.png,0.21,0.035556,0.803333,0.991111,05ff85c3b4044de7,https://farm8.staticflickr.com/3902/14826281836_9c70630a37_o.jpg
93.png,0.646484,0.584635,0.850586,0.979167,fc484f6e22e35162,https://farm3.staticflickr.com/2940/14636110451_c0c75947cf_o.jpg
94.png,0.165625,0.133333,0.80625,0.954167,27e287a3ba2a568b,https://c4.staticflickr.com/1/206/474581223_c1b4122921_o.jpg
95.png,0.458022,0.113125,0.884456,0.866875,00ddfbe91c1deba7,https://farm8.staticflickr.com/2928/14134151750_69e0e10f5d_o.jpg
96.png,0.078125,0.247222,0.735937,0.816667,35d2128d7de547e3,https://farm4.staticflickr.com/7154/6705674935_a59d76f450_o.jpg
97.png,0.587143,0.129524,0.807143,0.889524,1c4fa545900d4cc1,https://farm2.staticflickr.com/71/204575717_db07d69e0f_o.jpg
98.png,0.055625,0.186667,0.248125,0.861667,0548ff4939eaba82,https://farm3.staticflickr.com/3876/14701274797_0031c211a1_o.jpg
99.png,0.65125,0.356667,0.730625,0.793333,0d1844fcb362576b,https://c4.staticflickr.com/8/7316/9345234410_9f00b08cc7_o.jpg
100.png,0.0,0.0,0.901875,0.999062,033f00789171fb36,https://farm7.staticflickr.com/8314/8038111885_3270c5e2b1_o.jpg
101.png,0.190625,0.026563,0.909375,0.579687,ab63bf8796a9ee0f,https://c8.staticflickr.com/9/8755/17321960906_8b4d1551e3_o.jpg
103.png,0.083969,0.561437,0.564885,0.816635,00d1c5550d149bbb,https://c4.staticflickr.com/4/3826/9583793689_df20f21242_o.jpg
104.png,0.106875,0.729755,0.401875,0.999058,00128c73bd1de306,https://farm7.staticflickr.com/3846/15187156670_564e063cbc_o.jpg
105.png,0.0375,0.015625,0.998438,0.951563,1c37dca03d3afa3e,https://c7.staticflickr.com/4/3880/14438314787_847a1c8e77_o.jpg
106.png,0.311,0.297112,0.719,0.582827,006e8cb5db83594e,https://c7.staticflickr.com/6/5055/5430041518_5f8afbac6a_o.jpg
107.png,0.286875,0.113722,0.660625,0.921053,1ae202b6536927ef,https://c8.staticflickr.com/9/8577/16682214086_b9ce413b93_o.jpg
108.png,0.04625,0.167568,0.884375,0.999324,013496d9615524cd,https://c6.staticflickr.com/1/92/268671769_544c033cd1_o.jpg
109.png,0.103741,0.330625,0.863946,0.9375,017b928277834baf,https://c8.staticflickr.com/5/4137/4757564103_e03738253e_o.jpg
111.png,0.025625,0.19,0.216875,0.809167,ff36519ab7924925,https://farm6.staticflickr.com/5338/7060534519_515e6e60bd_o.jpg
112.png,0.0,0.0,0.541892,0.6125,1ecb3c1f5f59b659,https://c2.staticflickr.com/8/7413/15837934294_677cf38048_o.jpg
113.png,0.139161,0.8,0.204282,0.97479,0c0dc7a772696f8f,https://c8.staticflickr.com/7/6013/6013590729_35e133643f_o.jpg
114.png,0.119176,0.09161,0.415771,0.941176,000adcdd7244ce4a,https://c3.staticflickr.com/8/7491/16023651320_688eb82b4e_o.jpg
115.png,0.077568,0.580189,0.235849,0.852201,1a792faadf24d678,https://c1.staticflickr.com/8/7507/16052559679_cfc67d5648_o.jpg
117.png,0.0,0.0,0.999375,0.999004,91eae247c76072b1,https://farm2.staticflickr.com/53/140009921_e1de44d7d5_o.jpg
118.png,0.036667,0.41625,0.905,0.99875,039e84b999400482,https://farm3.staticflickr.com/4049/4612330373_e064635f6b_o.jpg
119.png,0.121875,0.304388,0.425625,0.78338,5a28475a85bca9fc,https://c5.staticflickr.com/8/7352/10511644873_907b9d3068_o.jpg
120.png,0.12125,0.643527,0.28375,0.961538,0fb221a89a6be09a,https://c3.staticflickr.com/6/5327/9687355831_c770dc43a5_o.jpg
121.png,0.154297,0.264323,0.725911,0.854167,59d50bf7e4064dbe,https://c7.staticflickr.com/8/7279/7467999002_770e8fcde1_o.jpg
122.png,0.22,0.037778,0.34375,0.186667,4cb27d113ebb3acc,https://c5.staticflickr.com/8/7569/15617216807_cdbbeb46c6_o.jpg
123.png,0.663125,0.136961,0.995625,0.973734,022f510ecca17d08,https://c1.staticflickr.com/1/46/167954450_685f4c2246_o.jpg
124.png,0.02375,0.291846,0.158125,0.998569,22131ccdeba56edc,https://c5.staticflickr.com/9/8689/16794775588_7fdc994567_o.jpg
125.png,0.0275,0.097393,0.999375,0.854294,9607ccdfef45c942,https://farm3.staticflickr.com/7001/6445047059_1c3774c81c_o.jpg
126.png,0.203125,0.221875,0.769375,0.819375,077cead40e179e20,https://farm1.staticflickr.com/4004/4674414114_90c4f52c0b_o.jpg
127.png,0.0,0.016308,0.999293,0.999259,011c17ad5ea8ae31,https://farm2.staticflickr.com/9/14829847_a11fdb2b7d_o.jpg
128.png,0.0,0.308594,0.134766,0.998698,2739313625537872,https://farm3.staticflickr.com/4080/4889207221_2bdcc3a363_o.jpg
129.png,0.377358,0.26375,0.48542,0.331875,004d273aedc2e90f,https://c8.staticflickr.com/3/2305/2437683767_ddf4f3cd0e_o.jpg
130.png,0.0,0.197554,0.401875,1.0,04cc4fdf9aad5217,https://farm8.staticflickr.com/3084/2793381392_48e7329b5c_o.jpg
131.png,0.6025,0.456667,0.810625,0.649167,5f24d48de585cea2,https://farm3.staticflickr.com/164/421397811_228c82c36d_o.jpg
132.png,0.464375,0.061667,0.660625,0.215833,67b5efd8fe74a153,https://farm4.staticflickr.com/4012/4616365374_067e94c70d_o.jpg
135.png,0.013333,0.036111,0.971111,0.894444,4a9292da411ae052,https://farm3.staticflickr.com/7358/12895595344_bae3e93349_o.jpg
136.png,0.131474,0.341429,0.219124,0.568571,007c2b920dd7d8fe,https://c7.staticflickr.com/7/6121/5920747558_2481d08159_o.jpg
137.png,0.001389,0.43125,0.038889,0.491667,002120b836620041,https://farm2.staticflickr.com/3772/11170638234_a81676c033_o.jpg
138.png,0.4425,0.502814,0.503125,0.596623,05506f3e9a48fdc8,https://c1.staticflickr.com/9/8560/8704828291_5ec959f107_o.jpg
139.png,0.845,0.382739,0.939375,0.816135,0547fbea3b465232,https://farm3.staticflickr.com/2926/14293393944_f4c1e59669_o.jpg
141.png,0.679688,0.162162,0.985937,0.975052,14dfb89e9df28394,https://farm5.staticflickr.com/3936/15442408515_2e8335d550_o.jpg
144.png,0.70375,0.75,0.86875,1.0,002ed4724bb0eda5,https://farm6.staticflickr.com/2805/11575295223_7f30db2a21_o.jpg
145.png,0.160938,0.060417,0.504687,0.86875,bd8f3d931b404f74,https://farm5.staticflickr.com/5017/5419435818_3f3ecd21ae_o.jpg
146.png,0.0,0.093284,0.03875,0.186567,10a2d81e793551ff,https://c8.staticflickr.com/5/4062/4322491349_f25373a51d_o.jpg
147.png,0.25,0.095,0.992969,0.790625,008b8556a73601ae,https://c7.staticflickr.com/4/3053/2571672784_0198982f8a_o.jpg
151.png,0.0,0.067362,0.73375,0.999051,015af726bb948826,https://farm7.staticflickr.com/4042/4243491341_2f07f51b30_o.jpg
152.png,0.0,0.0,0.998438,0.998438,01ce0024d7e8166b,https://c4.staticflickr.com/8/7496/15711010346_38ea067449_o.jpg
153.png,0.0,0.199375,0.0575,0.246875,002e61a0b0ba7cbb,https://c4.staticflickr.com/8/7225/6873030688_4fe26904fb_o.jpg
154.png,0.174444,0.09,0.534444,0.79,3c80aa300817c95b,https://c4.staticflickr.com/2/1066/1470926002_6643151ef2_o.jpg
155.png,0.048125,0.409006,0.26375,0.904315,0acfdf6d915569c8,https://c1.staticflickr.com/8/7474/15737804838_c943eedd72_o.jpg
157.png,0.343125,0.194328,0.63375,0.813025,0026dba416ffd0df,https://c8.staticflickr.com/8/7340/11373542116_15aef699de_o.jpg
158.png,0.137139,0.355,0.902891,0.999375,1f36d50d1cc5361d,https://c6.staticflickr.com/7/6124/5963891730_4643aea1d1_o.jpg
159.png,0.242485,0.571856,0.39479,0.919162,15665edba353114f,https://c8.staticflickr.com/6/5169/5374319664_438d66c8b5_o.jpg
160.png,0.116013,0.110723,0.181373,0.182984,135c0568046c43b1,https://farm2.staticflickr.com/144/395648560_01408ecf9b_o.jpg
161.png,0.112308,0.029231,0.712308,0.803077,0f27b9650615c353,https://farm4.staticflickr.com/2934/14204676948_d6ae34306b_o.jpg
162.png,0.79625,0.261611,0.9475,0.983886,040574a836f2f4fe,https://c7.staticflickr.com/9/8648/16372753030_77344b4e2c_o.jpg
163.png,0.0,0.0,0.998382,0.998868,1077e85c4486e5e1,https://farm2.staticflickr.com/35/125134203_33a27445ac_o.jpg
164.png,0.0,0.101898,0.326875,0.987013,0077db1c62b76a3b,https://c4.staticflickr.com/9/8479/8265520595_e2140888c7_o.jpg
165.png,0.0,0.280236,0.213867,0.998525,003aaabebefb4c75,https://farm6.staticflickr.com/8161/6955427358_15f9f4e428_o.jpg
166.png,0.025735,0.239583,0.323529,0.747917,b54417ec39ce4256,https://farm7.staticflickr.com/5096/5395672188_b933e0a61e_o.jpg
167.png,0.090625,0.235,0.2475,0.9225,03c16220ec59805b,https://c4.staticflickr.com/2/1143/1372550223_a55b600579_o.jpg
168.png,0.354688,0.0,0.998438,0.997222,cd7d5ce1363a0587,https://farm8.staticflickr.com/7136/7855555030_386ef2657b_o.jpg
169.png,0.0,0.0,0.999375,0.999167,00f4887c2c164ae9,https://c2.staticflickr.com/4/3166/2990207114_c67be26717_o.jpg
170.png,0.1825,0.0,0.974375,0.999062,075506dfe053fd48,https://c1.staticflickr.com/7/6045/6320608363_0d00e4b4c1_o.jpg
171.png,0.0,0.0,0.999375,0.998435,024a164b205c141f,https://c8.staticflickr.com/1/200/507341299_20bfe0d580_o.jpg
172.png,0.263682,0.108243,0.706468,0.683597,010fc05932a1bf6a,https://c3.staticflickr.com/1/93/235196760_63a181960c_o.jpg
173.png,0.09875,0.123013,0.835625,0.999163,00b115e52ab95c0b,https://c4.staticflickr.com/5/4136/4917432241_d2c3b3dc0a_o.jpg
174.png,0.0,0.41875,0.035647,0.5725,001169affafea7d7,https://farm8.staticflickr.com/607/20987420928_a501fa3c0b_o.jpg
175.png,0.02125,0.232636,0.341875,0.76318,017029617a691635,https://farm6.staticflickr.com/3842/14888259138_aafe3673d8_o.jpg
176.png,0.0,0.0,0.048125,0.137546,ff68cc8e39b5726f,https://c8.staticflickr.com/3/2679/4443647286_c253a5c781_o.jpg
177.png,0.0,0.212928,0.857595,0.925222,11ab3222cbe8deb7,https://farm8.staticflickr.com/8100/8561094065_4843cf71b2_o.jpg
178.png,0.413125,0.136402,0.8325,0.994142,03d23979b635cb6c,https://c5.staticflickr.com/9/8158/7700622074_7084f09981_o.jpg
179.png,0.01875,0.0,0.99125,0.97561,0210950143bc405f,https://c8.staticflickr.com/4/3031/2555667736_11cd5d3df6_o.jpg
180.png,0.0,0.296331,0.1175,0.999059,09ff4c875425a448,https://c1.staticflickr.com/8/7169/6791842881_9db55f3126_o.jpg
181.png,0.496875,0.0,0.9,0.6125,000c98d654d8245e,https://c7.staticflickr.com/3/2937/14005945191_37576fcb89_o.jpg
182.png,0.433333,0.6,0.615,0.788333,00aa1c76fb7ec1f6,https://farm7.staticflickr.com/7590/16616454404_e162d3835c_o.jpg
183.png,0.0,0.0,0.999268,0.999091,006c31dd87c8df6e,https://c7.staticflickr.com/4/3015/2863804832_5688881fc5_o.jpg
184.png,0.07027,0.437247,0.375676,0.8583,0605699bf61d8479,https://c2.staticflickr.com/9/8531/8677476948_54a642cf9b_o.jpg
186.png,0.232026,0.457516,0.437909,0.877451,00207bc1662850a7,https://farm8.staticflickr.com/8246/8538445124_dbd65662c9_o.jpg
187.png,0.0,0.743402,0.092773,0.998534,002c10a18f3e5259,https://c2.staticflickr.com/4/3669/9305917889_15453ed31c_o.jpg
188.png,0.0,0.178333,0.8925,0.983333,bcb9cadb0bc793b9,https://c2.staticflickr.com/1/39/121745645_edacb47cb5_o.jpg
189.png,0.001875,0.099437,0.575,0.999062,014dbc8d21db19e9,https://c2.staticflickr.com/5/4050/4335891874_b300016560_o.jpg
190.png,0.0,0.14375,0.998239,0.996875,fdb75bf39ba6b79e,https://c7.staticflickr.com/6/5503/11599677826_10e7cd1907_o.jpg
191.png,0.402428,0.08375,0.777778,0.315,011353e9dd20c323,https://farm4.staticflickr.com/4030/4354940888_a28cedfcb6_o.jpg
192.png,0.13375,0.094915,0.475625,0.893785,0ffd5830f6363a32,https://farm3.staticflickr.com/7378/11340626915_45ff1c7cce_o.jpg
193.png,0.003125,0.270169,0.14125,0.999062,005c372dffca7998,https://c1.staticflickr.com/3/2522/4125818637_933e4fe1ee_o.jpg
194.png,0.443125,0.525281,0.715,0.974719,05233d2a9f9a1421,https://farm2.staticflickr.com/5626/21163425488_15f1c2217d_o.jpg
196.png,0.216797,0.574699,0.302734,0.656627,03672067f92d12f7,https://farm8.staticflickr.com/3924/14413362184_de44549738_o.jpg
198.png,0.270625,0.021667,0.8725,0.9975,142ce7684b8f2f94,https://farm5.staticflickr.com/7042/6803212910_5b72ca0508_o.jpg
199.png,0.0,0.380952,0.127059,0.742857,e4320d7ed35f182d,https://c6.staticflickr.com/7/6040/6852520146_ef2bd80982_o.jpg
200.png,0.15875,0.918387,0.3225,0.999062,81daefd990fbde7e,https://c7.staticflickr.com/9/8049/8092659649_d08be373b0_o.jpg
201.png,0.0,0.2,0.6825,0.998113,00572d89c31e9179,https://c2.staticflickr.com/3/2812/9076399188_db3fc620b0_o.jpg
203.png,0.0,0.0,0.999219,0.429074,0146c4fec9b9bd36,https://farm7.staticflickr.com/2567/5778693080_e362bcca63_o.jpg
204.png,0.0,0.0,0.999094,0.999333,005da639dcb3befe,https://c7.staticflickr.com/9/8218/8336411647_3b300026fa_o.jpg
206.png,0.387524,0.378231,0.678639,0.489796,0f7f479bc47dd495,https://farm6.staticflickr.com/5075/14210597639_6f694d71c3_o.jpg
207.png,0.240299,0.07265,0.265672,0.108974,002fa678e142f88f,https://c8.staticflickr.com/6/5572/14519895006_bd107bdbe1_o.jpg
208.png,0.039062,0.223438,0.253125,0.890625,25decc0780f43a7f,https://c8.staticflickr.com/9/8736/16748130537_06d2682277_o.jpg
209.png,0.171333,0.0,0.996667,0.999322,62e60c267343f22e,https://c7.staticflickr.com/8/7193/6837950014_d2d1d75e51_o.jpg
210.png,0.51,0.58,0.83,0.77375,09932d97367c7b76,https://farm7.staticflickr.com/3160/2533425162_00be7aa232_o.jpg
211.png,0.313125,0.337224,0.545,0.946174,1098519f76825d4a,https://c3.staticflickr.com/8/7438/16501960681_4b9537c791_o.jpg
212.png,0.099602,0.03,0.415671,0.706,87352e6bf405751e,https://c7.staticflickr.com/9/8272/8845758733_9b0d54d5fb_o.jpg
213.png,0.0,0.0,0.996667,0.99875,005a3e660a763f83,https://farm4.staticflickr.com/2579/4037459472_bbce1ba1f4_o.jpg
214.png,0.199375,0.4775,0.471875,0.8275,0a1886aeee6e8f26,https://farm7.staticflickr.com/2177/2345799044_951a762cf6_o.jpg
215.png,0.096667,0.347553,0.205833,0.564617,001b2ad01bd38afb,https://c4.staticflickr.com/7/6033/6233051589_cbd256a9f0_o.jpg
216.png,0.485,0.15375,0.809167,0.8675,12994457463bed65,https://farm6.staticflickr.com/2782/4534093356_e3cf450468_o.jpg
217.png,0.1,0.0,0.9125,0.999067,0071dc035a60427e,https://c7.staticflickr.com/1/34/101120419_d786168136_o.jpg
218.png,0.295,0.274444,0.378125,0.65,70f358a063724d82,https://farm3.staticflickr.com/5587/14701231508_e8efde4f82_o.jpg
219.png,0.5575,0.330833,0.706875,0.5525,04a69d4edd1bdc44,https://farm5.staticflickr.com/2242/1765494767_aed3554500_o.jpg
220.png,0.0,0.31653,0.1125,0.433763,00817f14296830d1,https://farm2.staticflickr.com/4099/4740549455_ce012c81a5_o.jpg
221.png,0.0,0.278719,0.069375,0.429379,69ac8348bccf908c,https://c5.staticflickr.com/6/5100/5456103861_020e6fd7dd_o.jpg
222.png,0.172852,0.202686,0.625,0.97558,1109f178fdc6ad44,https://farm5.staticflickr.com/8183/8353053591_f5fa697dbf_o.jpg
223.png,0.229831,0.11875,0.85272,0.99875,14b0ba3ca1bf53cc,https://c5.staticflickr.com/6/5307/5755146507_4eb27f3592_o.jpg
224.png,0.009375,0.053125,0.26875,0.585938,2be859fc2e1f63d4,https://farm5.staticflickr.com/2930/14489322148_959d5b422b_o.jpg
225.png,0.0,0.011788,0.060694,0.143418,00d86c0c20525f24,https://farm5.staticflickr.com/4045/4210311510_e2fc2977f2_o.jpg
226.png,0.694375,0.12758,0.871875,0.985929,0ae4445535dfc029,https://c2.staticflickr.com/6/5558/14563533750_6a28393aa6_o.jpg
227.png,0.154784,0.61875,0.274859,0.658125,000b168e791f591d,https://c6.staticflickr.com/6/5234/14107523909_49e549c044_o.jpg
228.png,0.306875,0.109756,0.9925,0.340525,0007b266f24a0c12,https://farm3.staticflickr.com/773/22170655431_dcf9922c79_o.jpg
229.png,0.395,0.142259,0.785,0.707113,013e80a28d61ca8f,https://c8.staticflickr.com/9/8292/7586867752_f294858921_o.jpg
230.png,0.005,0.538058,0.05125,0.818898,08b10e23b1de1c3b,https://c4.staticflickr.com/4/3886/14700581102_1f87963750_o.jpg
231.png,0.055625,0.507234,0.555625,1.0,5c1ae7287d8cec61,https://farm2.staticflickr.com/3641/3565204826_2a0dd26e93_o.jpg
233.png,0.388368,0.220625,0.65666,0.32875,497347ba645b4ad4,https://farm5.staticflickr.com/7319/9694701713_554a87de57_o.jpg
234.png,0.31875,0.227083,0.398438,0.354167,0920989377960396,https://farm7.staticflickr.com/15/18996413_1136dc6bea_o.jpg
236.png,0.0,0.0,0.998366,0.998737,023182f17b71f861,https://farm2.staticflickr.com/3171/5867022978_df5b536cc4_o.jpg
237.png,0.530625,0.215,0.6925,0.935,11a03246b0a69171,https://farm2.staticflickr.com/6020/5970013930_f6741d7772_o.jpg
238.png,0.26,0.424953,0.460625,0.988743,4dddd17e78d811e6,https://farm7.staticflickr.com/7087/6932870676_04f42cc5d4_o.jpg
239.png,0.49285,0.130208,0.999047,0.584375,0008fba87dd4aed2,https://farm3.staticflickr.com/3836/15136472991_1c35ecabd4_o.jpg
240.png,0.024375,0.303002,0.999375,0.506567,14c6b139bee76bab,https://c4.staticflickr.com/9/8445/7814575094_94a33c965d_o.jpg
243.png,0.078333,0.022866,0.89,0.862805,077d5c83e0f8e04c,https://c5.staticflickr.com/9/8364/8405843394_63fedcd927_o.jpg
244.png,0.0,0.175781,0.999349,0.999023,002b153c0a9d8591,https://farm2.staticflickr.com/7175/6640724031_d1b4447a50_o.jpg
245.png,0.418125,0.0,0.501875,0.114167,00075dcb146266ff,https://c8.staticflickr.com/3/2513/4157118623_87c3a69d5a_o.jpg
246.png,0.26,0.528125,0.518333,0.84625,00ef1d43461bb8ef,https://c8.staticflickr.com/4/3675/9968401915_7415cc8b9c_o.jpg
247.png,0.055625,0.274167,0.260625,0.816667,2ab6c8634317762a,https://c3.staticflickr.com/5/4134/4798572256_b8011e4519_o.jpg
248.png,0.06125,0.48375,0.245,0.6725,0003b41ec77446c7,https://farm8.staticflickr.com/1065/5106823084_6372952dc6_o.jpg
249.png,0.375,0.114063,0.698438,0.679688,1cd80c717732ef36,https://farm7.staticflickr.com/7639/16728975449_f5f1283b0e_o.jpg
250.png,0.0,0.632812,0.257812,0.998438,00ce9c61a7017968,https://c1.staticflickr.com/4/3906/14929799445_fe16fd97ce_o.jpg
251.png,0.034375,0.375,0.221875,0.797917,0006a0a0e43d2b16,https://farm7.staticflickr.com/187/397329115_283e962908_o.jpg
252.png,0.0,0.017564,0.997921,0.790398,012b10d5ee556e1f,https://c8.staticflickr.com/3/2440/5772097496_83832e51ab_o.jpg
253.png,0.24625,0.174484,0.67625,0.699812,0014778c71ad81ae,https://c7.staticflickr.com/4/3933/15592883136_ab307a68d6_o.jpg
254.png,0.667188,0.85,0.910937,0.998438,5f15707df655f12a,https://c3.staticflickr.com/6/5475/12127239495_1a117e16f0_o.jpg
255.png,0.001875,0.425833,0.158125,0.996667,0c68388e96c8013e,https://c7.staticflickr.com/4/3285/3754759272_ab6997df17_o.jpg
256.png,0.092992,0.474255,0.407008,1.0,10d2186cdfdcdff8,https://c1.staticflickr.com/6/5493/10490212264_586e9b4a13_o.jpg
257.png,0.024375,0.173125,0.655,0.96375,004d9a6bb834b10a,https://c3.staticflickr.com/7/6139/5954657130_0214e68205_o.jpg
258.png,0.486928,0.578431,0.964052,0.964052,00995eb67d2ee4b7,https://farm8.staticflickr.com/8438/7793088300_7c48f56776_o.jpg
259.png,0.485294,0.285417,0.647059,0.629167,11c74897b37185b5,https://farm6.staticflickr.com/6059/6261699837_a9e552c12b_o.jpg
260.png,0.381875,0.409091,0.49375,0.955455,c733eea845613d9a,https://c3.staticflickr.com/8/7320/9541484987_03c6f212fb_o.jpg
261.png,0.0,0.38375,0.999167,0.75625,000559da530cd6eb,https://c4.staticflickr.com/6/5146/5672866098_956314efa6_o.jpg
262.png,0.0,0.397917,0.085938,0.722917,60da066d045fc378,https://c1.staticflickr.com/6/5177/5436168578_81786b73fc_o.jpg
263.png,0.191067,0.837748,0.258065,0.874172,0080a2002973846f,https://c8.staticflickr.com/6/5239/14383691273_812b826fae_o.jpg
264.png,0.376875,0.109167,0.999375,0.999167,0142b5b07bc1a9f3,https://farm4.staticflickr.com/2385/13166384575_f811c1a28d_o.jpg
265.png,0.601562,0.491667,0.734375,0.99375,079db8a3d9f37fdd,https://c6.staticflickr.com/4/3478/5760707778_506f942425_o.jpg
267.png,0.012227,0.208291,0.252402,0.572295,14a1d4c40eb3064b,https://c4.staticflickr.com/4/3754/11906936305_baf66a0214_o.jpg
268.png,0.051875,0.527205,0.418125,0.999062,00019bc020b24b32,https://farm3.staticflickr.com/8183/8141606311_bc821b4b22_o.jpg
269.png,0.4125,0.52439,0.8525,0.971857,02bcd85a95197c31,https://farm2.staticflickr.com/5470/17617494916_7a1fdeec9a_o.jpg
270.png,0.655,0.587571,0.92875,0.983051,4320dae4d2255f8d,https://c6.staticflickr.com/5/4122/4818996689_0b9aa1534c_o.jpg
271.png,0.1425,0.36,0.4125,0.999167,02c6451266d6f8ec,https://c5.staticflickr.com/4/3387/3261808489_5de9ca7744_o.jpg
272.png,0.094,0.535494,0.205,0.583333,ca6e8ced3b1d02d3,https://farm4.staticflickr.com/7141/6755076003_941ece6702_o.jpg
275.png,0.095625,0.420057,0.4,0.579943,0107118d03dfd972,https://farm3.staticflickr.com/2562/4106960027_c0a2b7dba3_o.jpg
276.png,0.196319,0.282648,0.656442,0.629696,3ff4ced2be90e18c,https://c5.staticflickr.com/8/7600/16838280419_a060051e86_o.jpg
277.png,0.530625,0.1841,0.960625,0.996653,05acdac67515c03c,https://c5.staticflickr.com/4/3613/13027598673_322a6eb06c_o.jpg
278.png,0.0,0.0,0.7725,0.998889,000aa552a9d80891,https://farm2.staticflickr.com/8122/8687714482_934fb7fed2_o.jpg
279.png,0.069375,0.0,0.999375,0.625105,00b4ed87e6bed513,https://farm4.staticflickr.com/5168/5349603742_53d498a6f8_o.jpg
280.png,0.731061,0.366102,0.965909,0.686441,0025ececb061efbd,https://c6.staticflickr.com/8/7219/7187037651_7ee1ff09e9_o.jpg
281.png,0.0,0.0,0.998438,0.9975,10072914780b59f8,https://c1.staticflickr.com/4/3851/15271192822_aa0828a445_o.jpg
282.png,0.050625,0.439962,0.186875,0.850844,109bc90019a8447e,https://c7.staticflickr.com/9/8388/8683187005_7080ff63c5_o.jpg
283.png,0.596,0.026316,1.0,0.9375,0b1abca973816f11,https://farm2.staticflickr.com/8260/8707617526_517a761f9d_o.jpg
284.png,0.29625,0.0,0.88625,0.990593,0051a014205dd1f6,https://farm7.staticflickr.com/4084/5199319442_a1b2501048_o.jpg
285.png,0.605461,0.160625,0.986817,0.99625,09960cf7d51a035c,https://c5.staticflickr.com/4/3800/8978386909_c9c1a4f4a6_o.jpg
286.png,0.49625,0.432852,0.666875,0.984462,089d4ebbc02c84ce,https://c7.staticflickr.com/9/8482/8187271741_92822e76fd_o.jpg
288.png,0.0,0.022514,0.999375,0.999062,5f011ad3ce5ce5da,https://c3.staticflickr.com/9/8297/7946855076_97c81931c1_o.jpg
290.png,0.14,0.0025,0.418333,0.2525,008ea04953d50b80,https://farm1.staticflickr.com/90/206915697_d24b8bd337_o.jpg
291.png,0.073814,0.275625,0.172232,0.318125,0d57eb952842a157,https://farm8.staticflickr.com/8209/8202780546_cc6708c96e_o.jpg
292.png,0.0,0.693032,0.029375,0.944444,0046afb78d9b8f05,https://farm6.staticflickr.com/7528/15515779837_cf63f1ee1d_o.jpg
293.png,0.0,0.0,0.997691,0.998601,00886219e5af4750,https://farm1.staticflickr.com/5221/5628033916_ccb8f3f440_o.jpg
294.png,0.75293,0.188581,0.895508,0.904844,0022f3f909e77d8d,https://c6.staticflickr.com/4/3780/13506776143_9883ee5b89_o.jpg
295.png,0.255859,0.441406,0.508789,0.832031,119bb48441f4eda8,https://c1.staticflickr.com/4/3284/3153939135_c6a700c0d2_o.jpg
296.png,0.0,0.0,0.998619,0.999023,2893d6962a57e4fd,https://c6.staticflickr.com/8/7217/7004089534_b2117e4624_o.jpg
297.png,0.190625,0.0,0.7625,0.997222,84e80bbe9cd9e0c6,https://farm7.staticflickr.com/8240/8661789023_2fbaea03b5_o.jpg
298.png,0.0,0.3375,0.1375,0.808333,36e941568c34af4e,https://c7.staticflickr.com/5/4044/4499911432_66ba188535_o.jpg
300.png,0.006623,0.085828,0.025828,0.175649,06a26bc7e1026d10,https://farm1.staticflickr.com/7055/6940536290_3c2a518953_o.jpg
301.png,0.128333,0.723125,0.205,0.955625,001298172f0f23b2,https://farm3.staticflickr.com/4141/4798575896_c46ec73d97_o.jpg
302.png,0.54625,0.161667,0.719375,0.77,00e0a12ed9243672,https://farm3.staticflickr.com/3945/15497421121_c8b29326e0_o.jpg
303.png,0.0025,0.17636,0.999375,0.999062,5aba00793d267bb7,https://farm8.staticflickr.com/6091/6221991965_de66dc121e_o.jpg
304.png,0.112077,0.138734,0.880193,0.85568,00a1e7b192ca063f,https://c8.staticflickr.com/6/5581/14474266459_3d1cb9c633_o.jpg
305.png,0.455556,0.322404,0.534722,0.73224,05f5f45c6ef1f04d,https://c6.staticflickr.com/4/3737/19477168193_19a109d536_o.jpg
306.png,0.720286,0.390625,0.937444,0.54,1c4e28cc0755b776,https://farm7.staticflickr.com/5206/5244233675_001f9a4ab0_o.jpg
307.png,0.084375,0.0,0.754375,0.9675,003c6e3318508588,https://c1.staticflickr.com/3/2003/2130810657_ceba252e11_o.jpg
308.png,0.021333,0.024606,0.972,0.995079,02117a44d7b80f6b,https://c4.staticflickr.com/7/6206/6106187366_1855565910_o.jpg
309.png,0.007505,0.155,0.030019,0.171875,0018349b38fdc5b1,https://farm2.staticflickr.com/7044/6992024725_9801040e09_o.jpg
310.png,0.85875,0.406072,0.98375,0.993359,e1d17e561ce211ad,https://c6.staticflickr.com/9/8854/18292663736_f0fc78b5bf_o.jpg
311.png,0.04625,0.021475,0.625625,0.492063,0007c3f55f707547,https://farm8.staticflickr.com/3220/2597142286_f26882c1e5_o.jpg
312.png,0.335196,0.778125,0.486034,0.91375,9a7e7c20d0dc492c,https://c5.staticflickr.com/9/8073/8450128893_675fc44a73_o.jpg
314.png,0.50625,0.714063,0.8375,0.985937,0058e29afd1f0177,https://farm8.staticflickr.com/3731/12281247723_4cd249f359_o.jpg
315.png,0.053419,0.065909,0.997863,0.993182,2018fb17432e53e4,https://farm5.staticflickr.com/3411/3619615511_a7f1ecc31a_o.jpg
316.png,0.856875,0.202222,0.990625,0.925556,c878271fe3d66888,https://c1.staticflickr.com/6/5578/14796296795_2d51af512f_o.jpg
317.png,0.335625,0.208333,0.564375,0.518333,00197cf3427f65b0,https://farm1.staticflickr.com/8315/7936771706_5b795f8658_o.jpg
318.png,0.0,0.0,0.997868,0.998433,0108f8071372654c,https://c5.staticflickr.com/6/5009/5350511023_58138b2b80_o.jpg
319.png,0.02654,0.1075,0.264455,0.51375,16d166c79f0b88c6,https://farm7.staticflickr.com/2831/9690383962_3fe4937ca4_o.jpg
320.png,0.0,0.0,0.996875,0.997917,00820c80468d1854,https://farm5.staticflickr.com/3459/3985269726_65f098f3c6_o.jpg
321.png,0.599375,0.366448,0.949375,0.9597,101096732b5b9f04,https://farm5.staticflickr.com/4127/5194008160_1911415ab0_o.jpg
323.png,0.410937,0.39875,0.458594,0.585,103894450f229f5f,https://c8.staticflickr.com/4/3115/3100896778_782e41b59d_o.jpg
324.png,0.104375,0.1275,0.613125,0.996667,02049a0fe2fb7794,https://farm5.staticflickr.com/8500/8449735467_6a507c60c8_o.jpg
326.png,0.0225,0.247655,0.0725,0.555347,00347f9e4260260e,https://c7.staticflickr.com/8/7143/6609556717_007f7dd723_o.jpg
327.png,0.0,0.035714,0.876923,0.916667,19e455194cf52ebd,https://c6.staticflickr.com/2/1055/942680081_0e0dc8db0f_o.jpg
328.png,0.011111,0.33,0.143333,0.72375,06902a1c39d2465d,https://c6.staticflickr.com/8/7164/13952709956_5dd30b9bdc_o.jpg
329.png,0.11,0.026266,0.484375,0.966229,0079f3c74309b582,https://farm3.staticflickr.com/1126/5161974832_41070a5430_o.jpg
330.png,0.291099,0.492936,0.396859,0.731554,06e874091940c1fc,https://c5.staticflickr.com/8/7514/16051287260_18c371a666_o.jpg
332.png,0.0,0.0,0.999197,0.996524,0155f04b48beab98,https://c1.staticflickr.com/6/5032/14144995010_7552f6a72b_o.jpg
333.png,0.548125,0.355,0.67875,0.903333,127d5c8b8e00ecc6,https://farm7.staticflickr.com/7541/15814918040_e7bfb064f6_o.jpg
334.png,0.031875,0.09901,0.414375,0.942574,01417ff70e0773d7,https://farm8.staticflickr.com/8605/16655156506_74a1ed98ff_o.jpg
335.png,0.025,0.051562,0.984375,0.554688,03c012fe1cdf5f19,https://c2.staticflickr.com/9/8566/16224611642_03c5e80e46_o.jpg
336.png,0.089844,0.0,0.503906,0.857292,00b0889fe9836288,https://c1.staticflickr.com/4/3884/15056691376_09369875b8_o.jpg
337.png,0.11875,0.824167,0.31375,1.0,0019ff411f79b9c6,https://farm7.staticflickr.com/7113/7045912659_32651155e2_o.jpg
338.png,0.767187,0.249175,0.95625,0.912541,02bf98c9fb9268be,https://c7.staticflickr.com/4/3441/3961119466_05a23f5da6_o.jpg
339.png,0.37125,0.817847,0.456875,0.977921,57c32aa219ca4cc5,https://farm6.staticflickr.com/8041/8067247496_1577d13845_o.jpg
340.png,0.231875,0.645191,0.443125,0.98226,3dd364c317a66505,https://farm6.staticflickr.com/3232/2496776072_85a69d8ed4_o.jpg
341.png,0.338333,0.173333,1.0,0.961667,03ef8a52fde555b0,https://farm1.staticflickr.com/8807/16654087094_d532e8b1d0_o.jpg
342.png,0.046875,0.053892,0.37207,0.998503,0625bd965a28c37e,https://c7.staticflickr.com/5/4013/5140434009_44334638aa_o.jpg
343.png,0.0,0.0,0.998125,0.999167,e89ddd277f19fed5,https://farm6.staticflickr.com/3156/5741867176_dd91d7d0db_o.jpg
344.png,0.011438,0.01634,0.982026,0.982026,09cfdac5c88f0a78,https://c1.staticflickr.com/4/3762/8946417427_0cb9097ab1_o.jpg
345.png,0.02,0.168856,0.146875,0.596623,1e23b6902aa077ed,https://c6.staticflickr.com/3/2438/3906239033_1e7eb9ec7f_o.jpg
346.png,0.0,0.526875,0.999062,0.99125,073b41894911ecf0,https://farm1.staticflickr.com/2312/3536757080_5d6fceac7e_o.jpg
348.png,0.63875,0.205441,0.786875,0.900563,064a93867a99e4ed,https://c6.staticflickr.com/8/7545/15990617501_9f6bd9df60_o.jpg
349.png,0.500625,0.396875,0.599375,0.500625,0070ea2afe645481,https://farm2.staticflickr.com/2381/2377127487_4d6d9316d6_o.jpg
350.png,0.002,0.274924,0.292,0.959215,0db62cb410a3bfb7,https://farm8.staticflickr.com/7300/9551495250_60b725c4e5_o.jpg
351.png,0.028125,0.3125,0.259375,0.841667,100352448776848e,https://c7.staticflickr.com/1/83/271044034_bfe4732157_o.jpg
352.png,0.371875,0.231707,0.6,0.945591,2e66ecb5308cf2f8,https://c1.staticflickr.com/3/2871/9676970912_5d066f6b19_o.jpg
353.png,0.122469,0.191027,0.309547,0.670043,0937e291bc6354f7,https://farm8.staticflickr.com/7357/9712414092_afa5bf4404_o.jpg
354.png,0.0,0.098125,0.999228,0.998125,03c3403eebbb1c73,https://farm4.staticflickr.com/2630/4195011732_0b1ec8c512_o.jpg
355.png,0.019608,0.02451,0.998366,0.977124,0000de486dc6c49f,https://c8.staticflickr.com/8/7009/6711979909_77fc302d1a_o.jpg
356.png,0.1,0.216102,0.6325,0.479661,00e2340518ab4420,https://farm1.staticflickr.com/5592/15018626896_0e0676857a_o.jpg
357.png,0.744141,0.203514,0.947266,1.0,115317e74aac10a7,https://farm8.staticflickr.com/4084/5051433658_9f09f36003_o.jpg
358.png,0.2225,0.1575,0.7625,0.876875,0008860dad1f9510,https://farm1.staticflickr.com/7304/11206374646_df782124d0_o.jpg
359.png,0.366505,0.41,0.65534,0.908333,08437d53a3ede440,https://farm1.staticflickr.com/8182/7982865475_110905d45f_o.jpg
360.png,0.0,0.580508,0.402556,0.995763,14a27f9d612ea031,https://farm2.staticflickr.com/7368/16561804906_268cf2542e_o.jpg
361.png,0.22375,0.458724,0.3175,0.520638,0007ad5c6245a41d,https://c6.staticflickr.com/1/210/442292833_4036ff8743_o.jpg
363.png,0.0,0.438086,0.0425,0.868668,183cb4ea97bf69bb,https://c4.staticflickr.com/9/8391/8607718189_5078e46639_o.jpg
364.png,0.522656,0.313889,0.827344,0.880556,3508b4dae0a75554,https://farm5.staticflickr.com/365/18981198616_5f78a2ee3a_o.jpg
365.png,0.17125,0.243731,0.425,0.731194,00729cbff3e95243,https://farm4.staticflickr.com/4102/4849963393_8254f22829_o.jpg
366.png,0.0,0.568008,0.035625,0.622605,0001a17a69ddeead,https://c6.staticflickr.com/4/3791/10511544126_3766bf591b_o.jpg
367.png,0.186141,0.562874,0.353261,0.800399,0282c0b0b91e39da,https://c3.staticflickr.com/1/468/19279950821_e863c9070b_o.jpg
368.png,0.0,0.0,0.997836,0.998387,9c9d2eca1965a10f,https://c8.staticflickr.com/9/8317/8061815985_5667ae878e_o.jpg
369.png,0.070625,0.033333,0.9975,1.0,0351b30d061a05e4,https://farm5.staticflickr.com/7415/13979283743_e3cd7d1304_o.jpg
370.png,0.113125,0.0,0.841875,0.999039,007326de8719cca7,https://farm8.staticflickr.com/3925/14857715807_2a35dd17d0_o.jpg
371.png,0.824375,0.745833,1.0,0.986667,57ca74faad1ddeb4,https://farm5.staticflickr.com/61/157700619_f2d0aa1589_o.jpg
372.png,0.325,0.165556,0.756667,0.962222,04a9d880306e2033,https://farm4.staticflickr.com/7569/15404211443_8de9066838_o.jpg
373.png,0.2025,0.185841,0.7125,0.613569,15eda775d189cf90,https://farm1.staticflickr.com/3169/5815695033_ef941c689d_o.jpg
374.png,0.293141,0.324375,0.538628,0.753125,04920a78d117ac7e,https://c7.staticflickr.com/1/477/18496374699_62ddcc9715_o.jpg
375.png,0.029375,0.3075,0.366875,0.860833,2211127aaa9002a5,https://farm6.staticflickr.com/2857/8778380234_5744df3146_o.jpg
376.png,0.381268,0.369375,0.586566,0.573125,09e33147da5e04be,https://c7.staticflickr.com/1/165/385338170_0acff6a587_o.jpg
377.png,0.0,0.304167,0.189063,0.64375,0016b8b9812e480d,https://c6.staticflickr.com/3/2946/15397099075_72e1909b23_o.jpg
378.png,0.6425,0.492495,0.75125,1.0,12465592b8895b41,https://farm2.staticflickr.com/8226/8569462456_5b4cfbbf42_o.jpg
379.png,0.75625,0.539167,0.86,0.933333,0e376774f3c2bbf3,https://farm4.staticflickr.com/3243/2982712000_62414bd07b_o.jpg
380.png,0.064375,0.796667,0.196875,0.989167,047dd4c8d7f81201,https://farm2.staticflickr.com/5004/5264122786_d35cdc3881_o.jpg
381.png,0.532812,0.175,0.914062,0.453125,007162f063122d23,https://farm4.staticflickr.com/5580/14720361973_09e979f73a_o.jpg
382.png,0.871875,0.297373,0.980625,0.814259,096bcf1de9184d5d,https://c6.staticflickr.com/6/5082/5358230261_c6aea7cff2_o.jpg
383.png,0.0,0.235902,0.115625,0.600564,496394d40a8afaed,https://c6.staticflickr.com/4/3562/3684339328_b669abf9a8_o.jpg
384.png,0.005423,0.0,0.998915,0.999372,004de6286016d7fa,https://c3.staticflickr.com/9/8214/8442584576_16d1a3607b_o.jpg
385.png,0.148125,0.133333,0.405625,0.975,07926926ef4248a8,https://c1.staticflickr.com/4/3447/3261600451_cb6e8daac0_o.jpg
386.png,0.0,0.0,0.998667,0.999,3f10bd7b18992b42,https://farm3.staticflickr.com/1090/527806001_32158b844f_o.jpg
387.png,0.00625,0.313281,0.103125,0.576563,31ad9504d71d2840,https://farm1.staticflickr.com/185/416531352_c4168cbffe_o.jpg
390.png,0.056667,0.010309,0.23,0.275773,38436a9fe79f45a6,https://farm7.staticflickr.com/5257/5535652980_f9d1f04eee_o.jpg
391.png,0.520625,0.029081,0.856875,1.0,007333773454be95,https://farm6.staticflickr.com/3914/14570239013_595dfab1a6_o.jpg
393.png,0.222656,0.063802,0.807617,0.811198,00869e738293d1df,https://c8.staticflickr.com/9/8286/7769798168_8d1f1b12e9_o.jpg
395.png,0.094444,0.3375,0.997222,0.9375,eb26c4a48303f88a,https://c3.staticflickr.com/6/5026/5646474406_9c8e0699b3_o.jpg
396.png,0.2875,0.137869,0.66375,0.979409,0a0da2b39d302351,https://farm2.staticflickr.com/8531/8612914360_d78a54ca85_o.jpg
397.png,0.153333,0.352667,0.872,0.616667,00247a79c7cb58a2,https://farm3.staticflickr.com/7374/12917892754_7eb39ef3b6_o.jpg
400.png,0.698182,0.069853,0.907273,0.522059,10a78429ab59010a,https://c3.staticflickr.com/3/2582/4085483016_f439741d1f_o.jpg
401.png,0.0,0.0,0.998125,0.999062,00781ca1a6634c2d,https://c6.staticflickr.com/3/2118/2252160127_6067757e66_o.jpg
403.png,0.0,0.322702,0.05625,0.639775,0000f8aef032941e,https://c7.staticflickr.com/6/5570/14533785849_bd343fdc2b_o.jpg
404.png,0.615,0.476548,0.660625,0.685741,002c7655ef909f88,https://c1.staticflickr.com/9/8492/8318399338_b05e3ea36a_o.jpg
405.png,0.054167,0.086806,0.954167,0.998264,1c00e32279ef8678,https://c1.staticflickr.com/8/7336/13699920985_5876b27036_o.jpg
407.png,0.000833,0.291875,0.124167,0.655625,7f65115196fe0707,https://farm8.staticflickr.com/6147/6039247063_c6f36f5774_o.jpg
408.png,0.321289,0.048175,0.999023,0.943066,2ffa191e3438130a,https://c3.staticflickr.com/8/7127/7501232512_d29fa9d6d7_o.jpg
409.png,0.06875,0.08,1.0,0.968125,539adfde8f661c15,https://farm6.staticflickr.com/7492/16257447411_cc457cb7fc_o.jpg
410.png,0.710625,0.623188,0.824375,0.887402,00263823ccb13e72,https://farm3.staticflickr.com/5110/5762974586_1153e017ed_o.jpg
411.png,0.085,0.465,0.153125,0.565,0019d2d17cd585c4,https://farm5.staticflickr.com/7177/6982978021_53f3bde88f_o.jpg
412.png,0.176563,0.527083,0.729688,0.975,00f0a154949ae89b,https://c4.staticflickr.com/2/1180/579484341_0aa0743f98_o.jpg
413.png,0.210938,0.1875,0.778646,0.847222,481ad7b76b00066b,https://c4.staticflickr.com/6/5261/5560333487_c2ec3f38af_o.jpg
414.png,0.770625,0.321111,0.8725,0.927778,0c8f16fd59423883,https://farm4.staticflickr.com/7536/15589670554_46292f5a42_o.jpg
416.png,0.053711,0.294271,0.353516,0.820312,daf8d3537f7c968e,https://c7.staticflickr.com/7/6041/6214390497_02261ae5b7_o.jpg
417.png,0.077083,0.313889,0.835417,0.838889,010b7afc404408f9,https://c2.staticflickr.com/6/5139/5550094373_28afd11b8b_o.jpg
418.png,0.325731,0.199375,0.679259,0.3725,453d45292ddcb8e5,https://farm6.staticflickr.com/7027/6438867357_f12edf1c1a_o.jpg
420.png,0.245,0.0,0.999375,0.990619,0039f32a93794e4d,https://c6.staticflickr.com/2/1134/1053505443_a668df9418_o.jpg
421.png,0.063125,0.218574,0.11125,0.245779,09f755f1ee33d77d,https://c6.staticflickr.com/3/2859/8753691525_284972b7d4_o.jpg
422.png,0.175833,0.125,0.430833,0.858125,00c58010adeb587d,https://c6.staticflickr.com/4/3166/2993211048_c4490afbc8_o.jpg
423.png,0.0625,0.093333,0.68,0.999167,006e4a3026035451,https://farm2.staticflickr.com/3690/9861536524_5c24ef5836_o.jpg
424.png,0.071875,0.351875,0.539375,0.8925,02fd38642085c82f,https://c8.staticflickr.com/8/7107/7570712346_b2e55701c4_o.jpg
425.png,0.01875,0.0,0.558333,0.996296,5b9b4f705cdadc60,https://farm1.staticflickr.com/7150/6786033429_0b84ba077a_o.jpg
426.png,0.0,0.00469,0.95375,0.999062,008ef9158b3948a4,https://farm5.staticflickr.com/2319/2406776468_9fb3bc12a8_o.jpg
427.png,0.0,0.003125,0.189167,0.599375,001bda125f2ec696,https://farm7.staticflickr.com/3636/3385894843_8e73c85e6c_o.jpg
429.png,0.181667,0.050625,0.9275,0.999375,1f90f6207155cb5c,https://c5.staticflickr.com/1/75/194492676_ee5aa5203f_o.jpg
430.png,0.739167,0.36625,0.905,0.55,087b076b4731f9c8,https://c1.staticflickr.com/5/4119/4865650795_e79167e09c_o.jpg
432.png,0.01375,0.11,0.896875,0.856,00e4803ef5d14706,https://farm7.staticflickr.com/3932/15466301480_587e2a4512_o.jpg
433.png,0.002045,0.0,0.997955,0.997143,0fc2954a8553ddf3,https://farm4.staticflickr.com/21/34920161_356eb5965c_o.jpg
434.png,0.63,0.448333,0.948333,0.894167,03974ec766ba00f9,https://c2.staticflickr.com/4/3845/14617047065_5615f07a41_o.jpg
435.png,0.0,0.0,0.998366,0.998366,00776b227a3f3dc8,https://c1.staticflickr.com/9/8305/7891609988_01cd3ab04c_o.jpg
436.png,0.357143,0.684524,0.414286,0.902778,0085a03f4a2b199f,https://c8.staticflickr.com/8/7002/6603929007_af34f78832_o.jpg
437.png,0.205625,0.213,0.321875,0.643,daa18bf2b9738c4c,https://c5.staticflickr.com/3/2907/14091602983_2faf8a5528_o.jpg
438.png,0.430818,0.562893,0.554507,0.784591,0011f7f52f0d7cae,https://c7.staticflickr.com/9/8608/16236839951_9f03bc3fce_o.jpg
439.png,0.589928,0.507194,0.633094,0.539568,002ba8080b936665,https://farm6.staticflickr.com/7617/17149244845_0fa322a0e1_o.jpg
440.png,0.015625,0.198611,0.324219,0.9375,11f0d4cbb3d921ef,https://c8.staticflickr.com/3/2904/14598937181_67c74bc75a_o.jpg
441.png,0.58625,0.521576,0.666875,0.727017,00004b19ca2c952f,https://c8.staticflickr.com/8/7343/13890442407_04c69b8042_o.jpg
443.png,0.0,0.0,0.859375,0.998438,00898c0ba6a5b405,https://farm6.staticflickr.com/3771/13936639015_c3515044f5_o.jpg
444.png,0.01,0.023333,0.99,0.996667,00111c7634887bca,https://c3.staticflickr.com/6/5332/7168799874_94053d9bd6_o.jpg
445.png,0.006875,0.207123,0.125,0.87254,064db2736729e48e,https://c7.staticflickr.com/4/3952/15467612639_1c7be23914_o.jpg
446.png,0.773125,0.520638,0.8725,0.928705,0050f2924c71a807,https://farm8.staticflickr.com/2263/2419081208_b198b22221_o.jpg
447.png,0.400922,0.225941,0.638249,0.870293,043f9bef85d65578,https://c1.staticflickr.com/1/188/474605672_80d704d2a6_o.jpg
448.png,0.029687,0.5375,0.176563,0.767187,44d104797c0c5684,https://farm5.staticflickr.com/5330/13926830440_4767b6187b_o.jpg
449.png,0.686875,0.318011,0.891875,0.981238,0ca190366142d066,https://farm7.staticflickr.com/7527/15602924667_dc99633a7f_o.jpg
450.png,0.0,0.000625,0.998874,0.999375,001fdf37ea6d330b,https://c4.staticflickr.com/9/8104/8481188626_af1835f77d_o.jpg
452.png,0.0,0.186768,0.999023,0.67264,003da9cd72ca6d00,https://farm1.staticflickr.com/8057/8211833398_1b9bcc0bc9_o.jpg
453.png,0.025,0.099437,0.14875,0.789869,ef89b2a5eaf75f14,https://farm5.staticflickr.com/2916/14107689647_a8b4a1353c_o.jpg
455.png,0.0425,0.788136,0.195625,0.971751,57cfa51df7171594,https://farm5.staticflickr.com/7241/7249998004_71c345468f_o.jpg
456.png,0.334043,0.306061,0.687234,0.99697,024526529913a44c,https://c5.staticflickr.com/4/3887/14562084220_64324d9aae_o.jpg
457.png,0.0,0.509722,0.487106,0.998611,0472436657d66fa6,https://farm7.staticflickr.com/8432/7796451038_f23c8942c9_o.jpg
458.png,0.074906,0.633939,0.43633,0.861818,00952b90fcba5f27,https://farm8.staticflickr.com/17/21013396_53f87be60f_o.jpg
460.png,0.081916,0.320693,0.759294,0.99258,000d8d947ad1f3a0,https://farm1.staticflickr.com/7286/8744325052_a578bd7c7f_o.jpg
461.png,0.0,0.00625,0.998438,0.997917,00100fe58a324932,https://farm3.staticflickr.com/1197/1469703749_264f77dbf8_o.jpg
462.png,0.15625,0.0,0.691875,0.983067,00067fe83e3e21c8,https://c1.staticflickr.com/5/4132/4948833568_a528204857_o.jpg
463.png,0.426554,0.473896,0.711864,0.86747,01a36434ba642fb5,https://farm6.staticflickr.com/2039/2452436859_2c2a33f565_o.jpg
464.png,0.139903,0.26249,0.784672,0.536082,00ade7621609d895,https://farm6.staticflickr.com/8570/16774248341_0bb08db2f2_o.jpg
465.png,0.351562,0.368222,0.556641,0.601513,001219210f817b86,https://farm7.staticflickr.com/7490/15899611189_e5b492ccb7_o.jpg
466.png,0.536145,0.744344,1.0,0.993213,039ad41e20a47aaa,https://c3.staticflickr.com/8/7271/6851713702_db2a2c176e_o.jpg
467.png,0.036133,0.164571,0.192383,0.490286,01300ee4d9658505,https://farm6.staticflickr.com/8104/8616917401_90f00fe8d4_o.jpg
468.png,0.649375,0.83,0.71625,0.941667,031697ceadcc83f4,https://farm5.staticflickr.com/6004/5917369001_758cd6b36f_o.jpg
469.png,0.019444,0.359259,0.172222,0.874074,010c887b686452d1,https://farm2.staticflickr.com/294/20104496709_f70e6c5cb4_o.jpg
471.png,0.06,0.079365,0.293333,0.865079,192e9fa9f23cad7a,https://c3.staticflickr.com/3/2273/1552588208_5500989d8d_o.jpg
472.png,0.09,0.031092,0.758125,0.99916,0006af2e9b790c54,https://farm5.staticflickr.com/8153/7315728986_89c3c9dbe5_o.jpg
473.png,0.009375,0.303002,0.148125,0.888368,086903d5d3efbf8c,https://c5.staticflickr.com/4/3889/15160388007_d0dc075e14_o.jpg
474.png,0.331058,0.239637,0.457338,0.365285,01b13aef22b9ac6b,https://c4.staticflickr.com/5/4114/4928823573_9c7938cffe_o.jpg
475.png,0.28875,0.325833,0.393125,0.529167,0011a8d8b7466dee,https://c7.staticflickr.com/7/6066/6049048363_d83dd51c85_o.jpg
476.png,0.569375,0.234167,0.88375,0.936667,0009a84f3500886b,https://c4.staticflickr.com/1/155/367818315_eded37567a_o.jpg
477.png,0.585,0.149057,0.775625,0.934906,13da275ba0de50bd,https://c6.staticflickr.com/9/8111/8607976141_9bccb7b075_o.jpg
478.png,0.074405,0.355769,0.547619,0.711538,011925eb3fab73c9,https://c2.staticflickr.com/3/2475/3976536610_8dbeed04a1_o.jpg
479.png,0.003125,0.0075,0.999375,0.999167,00056e547b7c00d6,https://farm7.staticflickr.com/3299/3438429835_89b74b87df_o.jpg
481.png,0.50625,0.20625,0.678125,0.747917,aa13e53b52579b4c,https://c5.staticflickr.com/7/6060/6304070232_ee37536614_o.jpg
482.png,0.68125,0.470833,0.815625,0.983333,0ab7e60dc9e85810,https://farm1.staticflickr.com/1/955507_1427746879_o.jpg
483.png,0.025,0.6775,0.941667,0.985,0cb4409efee108ae,https://c7.staticflickr.com/3/2185/2037595440_39db024565_o.jpg
484.png,0.065369,0.027624,0.376912,0.781768,017adb7dca9e031c,https://c5.staticflickr.com/5/4077/4829500669_423d9fd69f_o.jpg
485.png,0.035625,0.309568,0.999375,0.999062,048f959dba0e50c0,https://farm1.staticflickr.com/2263/2269769857_679db8c4bc_o.jpg
486.png,0.554409,0.188125,0.826454,0.72125,48f923b03a317bda,https://c3.staticflickr.com/1/492/19522649311_80dc171413_o.jpg
488.png,0.042214,0.386875,0.139775,0.591875,003032bf2d059d4e,https://c7.staticflickr.com/4/3680/14083505900_f0ccd7bcca_o.jpg
490.png,0.012695,0.0625,0.248047,0.326172,01c02082792e2a39,https://c2.staticflickr.com/6/5236/13972449089_290f0df956_o.jpg
492.png,0.073437,0.165,0.401563,0.9925,0962a597da14ca86,https://farm7.staticflickr.com/5595/14884032606_f6b2e4ac8b_o.jpg
493.png,0.784375,0.333333,0.9825,0.519167,00a45d1202fd0b57,https://farm8.staticflickr.com/8667/16048307172_04c70619d6_o.jpg
494.png,0.485625,0.484934,0.575,0.956685,1dd63c923a5634a4,https://farm5.staticflickr.com/8404/8607668957_fc39840355_o.jpg
495.png,0.2125,0.370833,0.494375,0.9975,352646e43ca8a789,https://c2.staticflickr.com/8/7142/6489721381_364ee967dd_o.jpg
496.png,0.686667,0.325,0.964167,0.87375,02de6f70f7e38367,https://farm8.staticflickr.com/7242/7034250407_5ca70bdf17_o.jpg
497.png,0.0,0.190893,0.4675,0.731173,0457b70586089645,https://farm6.staticflickr.com/192/475798805_43d2293d38_o.jpg
498.png,0.823125,0.140713,0.996875,1.0,000cbf66328ec450,https://farm1.staticflickr.com/285/19078367514_fdb96c0c4d_o.jpg
499.png,0.396875,0.165625,0.670313,0.475,06b8c1f82ed16edf,https://c8.staticflickr.com/4/3949/15451523547_4d2a8f095f_o.jpg
500.png,0.000939,0.709375,0.057277,0.7675,65daa1d4adae4649,https://c2.staticflickr.com/7/6090/6111196091_eacae9e710_o.jpg
501.png,0.017735,0.009091,0.839018,0.999091,18a3b9fab72d5e14,https://farm5.staticflickr.com/5002/5191412703_d8af512064_o.jpg
502.png,0.496667,0.163125,0.843333,0.996875,008caca5c8efe4d1,https://farm2.staticflickr.com/7516/15687268248_e2a75720d6_o.jpg
504.png,0.0,0.032812,0.9125,0.998438,0070c0a46d21b21c,https://c5.staticflickr.com/4/3871/14582874155_7e2c5c8c4c_o.jpg
505.png,0.0,0.0,0.998366,0.998366,74dc6fb5ce8b071c,https://c5.staticflickr.com/6/5585/18205295004_3141a4da04_o.jpg
506.png,0.0,0.301875,0.153333,0.6775,2740eb551fcac1b4,https://farm5.staticflickr.com/91/236064346_4adf5e965d_o.jpg
507.png,0.121875,0.263303,0.3375,0.831193,00c948791a2767e8,https://c1.staticflickr.com/8/7288/16788251451_4a6619ff23_o.jpg
508.png,0.285057,0.088968,0.682759,0.914591,01661c75b42a9116,https://farm7.staticflickr.com/3684/9545776004_a2b476aff5_o.jpg
509.png,0.068323,0.106618,0.327122,0.823529,1c040292ce36e067,https://farm8.staticflickr.com/136/323391733_acf2196c4e_o.jpg
510.png,0.810625,0.81367,0.9175,0.999064,0814d94bff590b3c,https://c5.staticflickr.com/9/8775/18204946692_3f64600361_o.jpg
511.png,0.0,0.0,0.999333,0.942494,1dd889ade5bb170f,https://c8.staticflickr.com/4/3719/12671246795_2c5407f3a9_o.jpg
513.png,0.0,0.0,0.997868,0.998328,0030eb93846ab89a,https://c3.staticflickr.com/8/7274/7455027872_bee570eb25_o.jpg
514.png,0.315833,0.032895,1.0,0.986842,0214841d8f27d4aa,https://c3.staticflickr.com/8/7338/10646640816_889de92103_o.jpg
515.png,0.158854,0.056641,0.838542,0.84668,0058eafac71ced2f,https://c8.staticflickr.com/4/3389/4562467076_e9e5ac4cc1_o.jpg
517.png,0.073529,0.029412,0.972222,0.97549,00ba42932823c734,https://farm5.staticflickr.com/1138/5158181030_afb4ebb98c_o.jpg
518.png,0.125625,0.146341,0.32,1.0,00f3b79b38af763e,https://c7.staticflickr.com/8/7321/10570891933_411de89e47_o.jpg
519.png,0.191875,0.209193,0.27625,0.347092,04e3114c99788c32,https://farm3.staticflickr.com/6155/6188113569_1a1b6ef715_o.jpg
520.png,0.37125,0.2375,0.52125,0.928333,333345147c10882d,https://c6.staticflickr.com/3/2008/2189385507_2bbd0621c3_o.jpg
521.png,0.551595,0.260625,0.959662,0.955,006d4a2ed5caa9b1,https://farm2.staticflickr.com/7131/7737411444_0985c8092d_o.jpg
522.png,0.474,0.228,0.94,1.0,080374647cbbf5d3,https://farm4.staticflickr.com/4102/4878264173_1f7b2719d2_o.jpg
523.png,0.40678,0.295,0.688324,0.558125,0909352fb7b292d0,https://farm1.staticflickr.com/7154/6553143495_03fb701dc3_o.jpg
524.png,0.073584,0.06375,0.98234,0.999375,008b6788aa0ef238,https://c1.staticflickr.com/8/7568/15583659978_522cd6aee3_o.jpg
527.png,0.549375,0.126642,0.75125,0.964353,0eb07c898b563c4a,https://c3.staticflickr.com/2/1320/1345929839_217a5c941c_o.jpg
528.png,0.0,0.502814,0.189375,0.999062,00014ef25d241667,https://farm8.staticflickr.com/8188/8115223663_cfb4d1f473_o.jpg
529.png,0.245833,0.59375,0.806667,0.9425,b377a97d81e8a908,https://c1.staticflickr.com/3/2643/3835418165_675d8a4e2f_o.jpg
530.png,0.576,0.384615,0.994,0.98583,03df6502c7548b9e,https://c7.staticflickr.com/4/3023/2967660357_ace6919c4d_o.jpg
531.png,0.0,0.538028,0.04878,0.8723,0034a46294de8ab8,https://c1.staticflickr.com/9/8677/15921141398_ff0d3b0af9_o.jpg
533.png,0.419375,0.308333,0.973125,0.795833,0f22144d7d120b61,https://farm2.staticflickr.com/7461/16255029586_f7d8776d27_o.jpg
535.png,0.166667,0.129375,0.7775,0.87375,05ab0e99035d78d8,https://c1.staticflickr.com/6/5190/5592840097_c26fcb590e_o.jpg
536.png,0.068333,0.189375,0.81,0.999375,023e2ce50aafe9c9,https://c2.staticflickr.com/4/3772/9348711514_a67174fef2_o.jpg
537.png,0.085938,0.0,0.857813,0.967188,013257180d6156df,https://c8.staticflickr.com/8/7654/16660448009_e2760bc428_o.jpg
538.png,0.628125,0.298786,0.64875,0.32493,0014af12383157af,https://c8.staticflickr.com/9/8662/16219605771_247a9136f6_o.jpg
539.png,0.47,0.117794,0.698125,0.938179,13e6cc4cd4e8fca3,https://farm4.staticflickr.com/3145/2820130290_6cfb66c7a3_o.jpg
540.png,0.463125,0.045556,0.928125,0.968889,038ed589cc859681,https://farm2.staticflickr.com/663/20900446756_c645465162_o.jpg
541.png,0.0,0.14,0.495,0.930833,feb45b5974c2e630,https://farm1.staticflickr.com/178/452733084_69ba0b7b91_o.jpg
545.png,0.475,0.130556,0.804688,0.883333,34cf796af2770d92,https://farm3.staticflickr.com/8501/8260027402_b086dbda59_o.jpg
547.png,0.070722,0.051493,0.946768,0.945522,0058130f1215717d,https://c6.staticflickr.com/1/42/86138534_d117063017_o.jpg
548.png,0.174,0.303759,0.273,0.760902,0ab30905829c2cfd,https://c6.staticflickr.com/6/5338/7171799298_f3a79626df_o.jpg
549.png,0.640625,0.211169,0.871875,0.84904,03dad1d595777ed2,https://farm3.staticflickr.com/4058/4448820553_f1f23f35d1_o.jpg
550.png,0.192857,0.177645,0.674286,1.0,01aa4f9689363039,https://c2.staticflickr.com/7/6114/6244288969_4755ddd49d_o.jpg
551.png,0.09,0.00469,0.999375,0.999062,01132ff663381d7c,https://c5.staticflickr.com/8/7153/6561085671_34076e85dc_o.jpg
552.png,0.1075,0.179375,0.244167,0.679375,3754b011b262f431,https://farm2.staticflickr.com/6022/6004004785_f5678df158_o.jpg
553.png,0.02375,0.135,0.275625,0.963333,d8ccdc87e149f01d,https://c6.staticflickr.com/4/3771/9545098714_afaa594b6b_o.jpg
554.png,0.017824,0.585625,0.173546,0.8075,be1905365e669aa0,https://farm1.staticflickr.com/8528/8600339873_809734bd90_o.jpg
555.png,0.193548,0.828018,0.414905,0.974984,063bbc6f2ac6ef0c,https://c5.staticflickr.com/8/7027/13972602632_4db411d208_o.jpg
557.png,0.165625,0.179167,0.4375,0.9625,04fee7b694df1d20,https://farm1.staticflickr.com/3335/3261693464_edeb37a033_o.jpg
558.png,0.439583,0.061111,0.666667,0.95,007117f88c62282e,https://c7.staticflickr.com/7/6165/6192682537_e305cd4766_o.jpg
559.png,0.218644,0.392544,0.388136,0.79386,44b5827d484800e1,https://farm2.staticflickr.com/2860/12542039415_86803d109a_o.jpg
560.png,0.275797,0.728125,0.401501,0.969375,00024f20d4b48bb8,https://c1.staticflickr.com/7/6021/5972939252_8045234297_o.jpg
561.png,0.44,0.565476,0.58,0.9375,017fdb9832188995,https://farm6.staticflickr.com/2017/2251704392_a9478f60fe_o.jpg
563.png,0.0,0.034375,0.5875,0.996875,04c67bc716de77eb,https://c4.staticflickr.com/6/5097/5484938505_8ca6cc2f2e_o.jpg
564.png,0.0,0.339416,1.0,0.912409,1f2daf0ed36d9149,https://c2.staticflickr.com/4/3265/2848104489_9b42d29377_o.jpg
566.png,0.0,0.0,0.600625,0.290712,00218e254b8a046b,https://c4.staticflickr.com/4/3931/15421382445_c5be2eb018_o.jpg
567.png,0.64125,0.340833,0.81875,0.86,0b1e8da32f295e07,https://farm8.staticflickr.com/35/100569594_142a3137f9_o.jpg
568.png,0.045,0.301299,0.599167,0.974026,01a105e0cd997b28,https://c1.staticflickr.com/5/4132/5005908277_5e49629b8f_o.jpg
570.png,0.443515,0.319182,0.963389,0.753145,04b1b1cb9d3d054a,https://c3.staticflickr.com/8/7523/16047775731_0a4436eb13_o.jpg
572.png,0.0,0.0,0.999371,0.999375,004eaacf55cfefbc,https://c5.staticflickr.com/4/3032/2552557888_f8ba0d573e_o.jpg
573.png,0.105625,0.186265,0.559375,1.0,0014bed03ffdf8de,https://c7.staticflickr.com/9/8607/16623913377_f3a21a56cd_o.jpg
574.png,0.6075,0.20125,0.9,0.781875,3796f3bab9fd8d5a,https://c3.staticflickr.com/6/5545/14001288792_b3894a509d_o.jpg
575.png,0.075625,0.52439,0.215,0.722326,01b621af55412d54,https://farm5.staticflickr.com/7009/6615572313_8a5eed3ced_o.jpg
576.png,0.024024,0.083857,0.978979,0.746331,3aca5895d184c725,https://farm6.staticflickr.com/8434/7839468490_15a14ee154_o.jpg
577.png,0.635625,0.562852,0.699375,0.706379,006c6d4c5269fd8a,https://c3.staticflickr.com/4/3752/13619512803_f64d5bf1e5_o.jpg
578.png,0.64125,0.265478,0.919375,0.987805,03bf775906a01a98,https://c1.staticflickr.com/8/7391/9269347028_98f6d552f4_o.jpg
579.png,0.0,0.198333,0.999375,0.999167,001262238e05ed00,https://farm1.staticflickr.com/8074/8334754983_7e23584365_o.jpg
580.png,0.0,0.0,0.999219,0.998825,00456a2d0a15ed04,https://farm5.staticflickr.com/2153/2088763701_3cdf201881_o.jpg
581.png,0.623125,0.033097,0.870625,0.982664,02204dca7d7e93fc,https://c5.staticflickr.com/9/8880/18547554661_5ace37b6b9_o.jpg
582.png,0.0,0.0,0.998698,0.901367,002909b6545b9415,https://farm6.staticflickr.com/5091/5566348511_304f674975_o.jpg
583.png,0.30719,0.02451,0.745098,0.946078,1fe34a7cdb6e1960,https://farm1.staticflickr.com/8244/8665285391_0cc9c3ed4a_o.jpg
584.png,0.202212,0.355009,0.650869,0.657293,0161b77536fe07f1,https://farm2.staticflickr.com/8047/8106214586_279c6ffa9a_o.jpg
585.png,0.0,0.086667,0.72625,0.959167,8210ea54f99d7fae,https://c7.staticflickr.com/4/3049/2970704293_d9d1443727_o.jpg
586.png,0.8625,0.628333,0.941875,0.713333,07ca53cda679f9da,https://c3.staticflickr.com/8/7626/16970536096_41d753755a_o.jpg
587.png,0.0,0.345833,0.28375,1.0,a03b8f6966a4dc70,https://farm1.staticflickr.com/3216/5848098998_22b5cb4248_o.jpg
588.png,0.59,0.014375,0.965833,0.853125,37223f46674d1bc3,https://farm4.staticflickr.com/5273/5892745595_6b54f31656_o.jpg
589.png,0.559722,0.36875,0.802778,0.629167,076fadb24034c087,https://farm8.staticflickr.com/2635/4177791790_109cf4a14b_o.jpg
590.png,0.093802,0.052556,0.942211,0.940965,10b5a0fbcf427cbd,https://c6.staticflickr.com/8/7296/13985064264_8dae8c50b4_o.jpg
591.png,0.198125,0.252078,0.4725,0.970452,3c5669f54e94535a,https://c3.staticflickr.com/6/5449/9680974828_62ea6ffaaa_o.jpg
593.png,0.0301,0.173494,0.973244,0.913253,6f974b1ab81f1888,https://c1.staticflickr.com/8/7382/14194948945_c91f0e786a_o.jpg
594.png,0.134884,0.039387,0.774419,0.49453,05b96d6e2d8a135a,https://c3.staticflickr.com/6/5499/10899070746_c82dcc6bbf_o.jpg
595.png,0.0,0.61875,0.303125,0.916667,00f7a3b9c72ceb50,https://farm1.staticflickr.com/2517/4183562278_4500d01b70_o.jpg
596.png,0.21,0.0,0.32125,0.261194,01668456c2ddc97a,https://c3.staticflickr.com/9/8519/8487704202_1b50990b24_o.jpg
597.png,0.173203,0.215686,0.800654,0.869281,001c75dcc9ea54fd,https://c6.staticflickr.com/4/3756/9859747365_2cbd4302ba_o.jpg
598.png,0.170625,0.334728,0.225,0.846025,00008044f1bbfde7,https://farm8.staticflickr.com/8456/8033696169_a5bdc1ca21_o.jpg
599.png,0.191667,0.084375,0.754167,0.81875,02a03f1654eaf6b0,https://farm1.staticflickr.com/2057/2028236166_9914f00540_o.jpg
600.png,0.0,0.071615,0.869141,0.998698,0034187d66b96a42,https://farm3.staticflickr.com/5018/5546319570_a0a5d37b4b_o.jpg
601.png,0.024,0.117391,0.489,0.907246,2001fae546b82680,https://farm1.staticflickr.com/7030/6614320177_00389c2fc7_o.jpg
602.png,0.0,0.2825,0.054688,0.3425,036c7df9dd5b8a1e,https://c7.staticflickr.com/2/1067/5114428845_c5e7f08faa_o.jpg
603.png,0.045625,0.657598,0.22125,0.791745,011ff5e48b3fdcb1,https://farm2.staticflickr.com/3676/11699163584_a38f648edc_o.jpg
605.png,0.431875,0.221388,0.844375,0.873358,00b658f5646884a6,https://farm7.staticflickr.com/4133/5175089851_bdc28ddf4e_o.jpg
606.png,0.0,0.000625,0.999164,0.999375,001d028a021c9c00,https://farm1.staticflickr.com/5488/11420393526_d221bb60f2_o.jpg
607.png,0.0,0.033771,0.301875,0.758912,058c6cfd69cff3c5,https://farm6.staticflickr.com/7174/6666692187_6b75c6e715_o.jpg
608.png,0.4625,0.361582,0.8,0.951036,0d4f50002c65cded,https://c6.staticflickr.com/1/39/77340028_7bd70d3bdd_o.jpg
609.png,0.0,0.0,0.885,0.999062,01e3414b2e2db963,https://farm4.staticflickr.com/3106/2499033805_022bbb1096_o.jpg
611.png,0.363125,0.354597,0.371875,0.364916,008658abc0523a14,https://farm5.staticflickr.com/3257/3133388904_873ba39c9f_o.jpg
612.png,0.0,0.301318,0.09875,0.722222,399048f892919b4c,https://c5.staticflickr.com/3/2542/3979252759_80f1c4095a_o.jpg
615.png,0.065,0.20375,0.998333,0.99875,00023f2cf3334fdc,https://c5.staticflickr.com/3/2335/2125079064_1c354183d8_o.jpg
616.png,0.33,0.352,0.463,0.396667,003fff4877389964,https://farm5.staticflickr.com/5247/5357705102_7ce74d68e9_o.jpg
617.png,0.015625,0.444653,0.15875,0.954972,0207128bf32b69df,https://c8.staticflickr.com/4/3796/9687535798_856fef3c6d_o.jpg
618.png,0.554409,0.06625,0.849906,0.603125,0788a52a5546b8f3,https://farm4.staticflickr.com/418/19518424415_d93fc88080_o.jpg
619.png,0.825625,0.018762,0.986875,0.45591,574a59e166acf6e7,https://farm8.staticflickr.com/8438/7901543414_786eab0ef8_o.jpg
620.png,0.545455,0.898125,0.727273,0.98875,33919b8c508e49cd,https://c6.staticflickr.com/4/3884/15343776982_1aa3484c9d_o.jpg
621.png,0.275391,0.764706,0.334961,0.837535,005165618df9324e,https://c7.staticflickr.com/9/8481/8215662366_caefb1220f_o.jpg
623.png,0.079687,0.26875,0.260938,0.753125,574fe28d53f3bcd4,https://farm5.staticflickr.com/3884/18226575183_05787b49df_o.jpg
625.png,0.07,0.338608,0.452857,0.696203,02732515fe1f9dd0,https://farm1.staticflickr.com/8350/8229599099_8858b293a3_o.jpg
626.png,0.070388,0.12875,0.592233,0.663125,00c8f0cd89f64508,https://c1.staticflickr.com/9/8467/8120995607_95734b098b_o.jpg
627.png,0.0,0.0,0.996923,0.995556,03e409bc81fa4ed0,https://farm1.staticflickr.com/5241/5338737543_48e0cce522_o.jpg
628.png,0.03125,0.53125,0.332812,0.839063,00b67d020fdf2391,https://farm2.staticflickr.com/7595/17079139272_7b81be2338_o.jpg
629.png,0.01959,0.015064,0.983209,0.932793,e0e81f99fb8de45c,https://c5.staticflickr.com/1/30/46116416_efb357fdf4_o.jpg
630.png,0.0,0.029167,0.320625,0.999167,472e75c948400a77,https://farm8.staticflickr.com/8681/16078143272_c186d26ba4_o.jpg
631.png,0.554375,0.420263,0.69125,0.988743,00a3e18b5904f497,https://farm8.staticflickr.com/3001/5866178397_787cd32c21_o.jpg
632.png,0.094,0.06506,0.346,0.756626,085ccaebef8fbaf4,https://farm5.staticflickr.com/3100/3245569630_32fd5174c4_o.jpg
633.png,0.012422,0.334471,0.20911,0.911263,55ed7c53367ff4dc,https://c5.staticflickr.com/3/2085/1751797348_2206d8ad57_o.jpg
634.png,0.29,0.564648,0.497778,0.988543,c5daf51ea9fb3442,https://farm3.staticflickr.com/6021/5962800064_4b92d11d4b_o.jpg
635.png,0.299074,0.132407,0.581481,0.50463,324780b2a28836a6,https://farm7.staticflickr.com/747/20144013333_65794326cf_o.jpg
636.png,0.04875,0.18097,0.13625,0.820895,001e905ebae4e2df,https://c8.staticflickr.com/8/7313/13539545303_dc0730ba12_o.jpg
638.png,0.189375,0.835625,0.269375,0.98875,8096fd8d3ed6f8c4,https://farm5.staticflickr.com/8352/8336475676_4c2f02d638_o.jpg
639.png,0.290625,0.213542,0.772917,0.763542,013c4f6ed9b3ccd1,https://farm2.staticflickr.com/3814/13601786653_ef44dd5837_o.jpg
641.png,0.048,0.016162,0.942,0.987879,0060d238d4929bcb,https://c4.staticflickr.com/3/2144/2545907609_c6f8ce3dc8_o.jpg
642.png,0.0,0.0,0.998571,0.998571,00410e077dc16913,https://farm4.staticflickr.com/4122/4789666810_9d79c0ca82_o.jpg
643.png,0.097561,0.10625,0.816135,0.981875,095ee4f31e66abcc,https://c5.staticflickr.com/3/2445/3863856384_b6d846a3ea_o.jpg
644.png,0.0,0.89,0.065625,0.933333,0045021d9f95dccd,https://c6.staticflickr.com/5/4125/4967362961_e6e61ea09a_o.jpg
645.png,0.43,0.236875,0.658333,0.7325,0e543d555a0ed8d0,https://farm1.staticflickr.com/5147/5594665746_68fb15e284_o.jpg
646.png,0.056957,0.286334,0.175753,0.87961,35e6147fec5cc458,https://c1.staticflickr.com/1/48/144692808_c3f833ff4b_o.jpg
647.png,0.0,0.034375,0.6875,0.979688,37d33d3366eaf401,https://farm2.staticflickr.com/5520/11881033296_dabd153a85_o.jpg
648.png,0.0,0.0,0.978383,1.0,0a88b12678db7e66,https://farm7.staticflickr.com/3578/3565668224_433eb900aa_o.jpg
649.png,0.581055,0.354319,0.762695,0.998536,0c65bab3e2bb7abc,https://c5.staticflickr.com/1/360/19578360331_49815caf47_o.jpg
651.png,0.0,0.0,0.99875,0.99911,00e2e61cc0b8b5f5,https://farm6.staticflickr.com/3346/3450989723_448b0f6758_o.jpg
652.png,0.015625,0.0,1.0,0.935417,000f78a66fd29c49,https://c2.staticflickr.com/5/4074/4748287211_d8a89164bf_o.jpg
653.png,0.0,0.252604,0.111328,0.441406,0069ee6a94eca6d8,https://c1.staticflickr.com/8/7253/7684824754_e2a308e2ec_o.jpg
654.png,0.53125,0.233571,0.766875,0.830562,3429aea92b5d91a6,https://farm7.staticflickr.com/8462/7934109008_7a82f891f8_o.jpg
655.png,0.161875,0.435272,0.308125,0.999062,028dc93edcc1c656,https://farm7.staticflickr.com/5334/8949114078_1dc5332de1_o.jpg
656.png,0.750979,0.138831,0.985904,0.956159,1331876555ee8cfa,https://c3.staticflickr.com/4/3241/2973125070_837d8c92cc_o.jpg
657.png,0.245312,0.476562,0.43125,0.570312,0013be60109c9b2c,https://c5.staticflickr.com/4/3867/14993196820_222ba6d10e_o.jpg
659.png,0.620833,0.355556,0.704167,0.714815,a0cc64d9879b7f55,https://farm6.staticflickr.com/4094/4824335671_8a48236659_o.jpg
660.png,0.21308,0.38,0.447257,0.998333,002cc28ab0f47056,https://farm7.staticflickr.com/2847/11124059906_5a58f8de63_o.jpg
661.png,0.16,0.821764,0.344375,0.989681,4c2f2261a748e6ed,https://c6.staticflickr.com/9/8348/8276795750_e2a8f0beab_o.jpg
662.png,0.34625,0.707317,0.510625,0.953096,00b316a2b91c379f,https://c8.staticflickr.com/9/8169/7940554116_1e04767768_o.jpg
663.png,0.0,0.0,0.999375,0.415054,12d4425b3a1d6d37,https://farm8.staticflickr.com/8537/8626920575_daeb1e3518_o.jpg
665.png,0.0,0.077083,1.0,1.0,a98c9ce07aaabf5f,https://c8.staticflickr.com/5/4054/4401606929_cf49f75778_o.jpg
666.png,0.14412,0.0,0.71618,0.969375,00032b7066444e75,https://farm6.staticflickr.com/3148/3282203401_3a3236ab6b_o.jpg
667.png,0.0,0.52,0.255,0.649375,052e2ac2d7b1ad49,https://c2.staticflickr.com/2/1316/540135820_0432b117b9_o.jpg
669.png,0.529688,0.797917,0.657812,0.985417,09edd4dfe7d91539,https://c2.staticflickr.com/1/23/34110153_cacde91fd0_o.jpg
670.png,0.447222,0.307407,0.697222,0.687037,131ecbd7805a854e,https://c7.staticflickr.com/9/8495/8293184433_d3e9c8b75a_o.jpg
